book,date
Eyes of Empty Death,2021-04-07
Pathfinder Abomination Vaults Hardcover Compilation,2021-04-07
Hands of the Devil,2021-02-24
Ruins of Gauntlight,2021-01-27
Against the Scarlet Triad,2019-11-26
Tomorrow Must Burn,2019-10-01
Hellknight Hill,2019-08-01
Fires of the Haunted City,2019-10-29
Broken Promises,2019-12-24
Cult of Cinders,2019-09-10
Belly of the Black Whale,2020-11-11
Ruins of the Radiant Siege,2020-12-09
All or Nothing,2020-09-16
Devil at the Dreaming Palace,2020-07-30
Assault on Hunting Lodge Seven,2020-10-14
Sixty Feet Under,2020-08-26
The Ghouls Hunger,2022-10-26
Graveclaw,2022-08-24
Ghost King's Rage,2022-12-31
Field of Maidens,2022-08-21
Zombie Feast,2022-07-27
A Taste of Ashes,2022-11-30
Pathfinder Book of the Dead,2022-04-27
Crown of the Kobold King,2022-10-26
Lord of the Black Sands,2020-05-27
Life's Long Shadows,2020-04-07
The Show Must Go On,2020-02-11
Siege of the Dinosaurs,2020-05-02
The Apocalypse Prophet,2020-06-28
Legacy of the Lost God,2020-03-10
Ready? Fight!,2021-07-07
Despair on Danger Island,2021-07-07
King of the Mountain,2021-07-07
They Watched the Stars,2023-02-28
The Seventh Arch,2023-01-31
Pathfinder Bestiary 3,2021-04-07
Impossible Lands,2022-11-30
Pathfinder Kingmaker,2022-09-21
Malevolence,2021-07-07
Pathfinder Beginner Box,2020-11-11
Monsters of Myth,2021-12-22
The Mwangi Expanse,2021-07-07
Night of the Gray Death,2021-10-13
A Fistful of Flowers,2022-06-25
Little Trouble in Big Absalom,2020-07-25
Punks in a Powder Keg,2022-04-30
Cradle of Quartz,2022-05-31
The Smoking Gun,2022-06-29
Pathfinder Gamemastery Guide,2020-03-10
Pathfinder Bestiary 2,2020-06-16
Pathfinder Bestiary,2019-08-01
Pathfinder Core Rulebook,2019-08-01
Broken Tusk Moon,2022-01-31
Lost Mammoth Valley,2022-02-28
Burning Tundra,2022-03-31
Shadows at Sundown,2022-05-05
Kindled Magic,2021-08-04
Secrets of the Temple-City,2021-10-13
Spoken on the Song Wind,2021-08-01
Doorway to the Red Star,2021-11-10
Hurricane's Howl,2021-10-13
Shadows of the Ancients,2022-02-23
The Slithering,2020-07-30
Travel Guide,2022-08-13
Troubles in Otari,2020-12-09
